{
    "src/math/sum.c": [
        1755481278.6906147,
        [
            "-g"
        ],
        "ok"
    ],
    "src/math/test_sum.c": [
        1755481428.7174265,
        [
            "-g"
        ],
        "ok"
    ],
    "cache/tests/test_sum": [
        1755484308.721476,
        [
            "-g"
        ],
        "ok"
    ],
    "src/math/mult.c": [
        1755481483.60245,
        [
            "-g"
        ],
        "ok"
    ],
    "src/math/test_mult.c": [
        1755481424.3803456,
        [
            "-g"
        ],
        "ok"
    ],
    "cache/tests/test_mult": [
        1755484308.772477,
        [
            "-g"
        ],
        "ok"
    ]
}