{
    "src/main.c": [
        1755455998.784937,
        [
            "-Wall"
        ],
        "ok"
    ],
    "src/bar.c": [
        1755455985.1566331,
        [
            "-Wall"
        ],
        "err"
    ],
    "src/foo/foo.c": [
        1755456001.9300067,
        [
            "-Wall"
        ],
        "err"
    ]
}