{
    "src/main.c": [
        1755128788.2026186,
        [
            "-Wall"
        ],
        "ok"
    ],
    "src/bar.c": [
        1755128805.6948833,
        [
            "-Wall"
        ],
        "ok"
    ],
    "src/foo/foo.c": [
        1755128810.8349612,
        [
            "-Wall"
        ],
        "ok"
    ]
}