{
    "src/funcs/sum.c": [
        1752651049.5747333,
        [
            "-Wall",
            "-g"
        ],
        "ok"
    ],
    "src/funcs/tests/tsum.c": [
        1752651289.487253,
        [
            "-Wall",
            "-g"
        ],
        "ok"
    ],
    "src/funcs/mult.c": [
        1752651636.3236287,
        [
            "-Wall",
            "-g"
        ],
        "ok"
    ],
    "src/funcs/tests/tmult.c": [
        1752651508.626297,
        [
            "-Wall",
            "-g"
        ],
        "ok"
    ],
    "src/main.c": [
        1752651418.96765,
        [
            "-Wall"
        ],
        "ok"
    ]
}