{
    "src/mult.c": [
        1752651634.2705913,
        [
            "-Wall"
        ],
        "ok"
    ],
    "src/sum.c": [
        1752651634.2755914,
        [
            "-Wall"
        ],
        "ok"
    ]
}